Logger,Type,Diff channel,Sensor ID,Sensor make,Snubber (2013 and later),Hole #,Ice Thickness(m),RC,Northing,Easting,Elevation,Nominal Northing,Nominal Easting,Year Installed,Julian Day Installed,Time Installed,Year Uninstalled,Julian Day Uninstalled,Time Uninstalled,Reading at atm Pressure in Campbell CR10X units (1 = 20 psi) (0.5512 indicates factory default),Reading at atm Pressure in Campbell CR1000 units (1 = 20 psi) (0.5512 indicates factory default),Multiplier to convert raw minus atm into Pa (default 137895.1458 for 200 psi 10V/100mV ratiometric transducers), Ice Pressure (Pa) = thickness*916*9.8,First Reading,Offset change on clipping
2379,CR10X,1,06P03,,,08H01,83.73,R14C18,6744000.638,602126.423,2312.607,6744031.12,602125.81,2008,185,,2010,203,1701,0.55198,,137895.1458,751627.464,,
2379,CR10X,2,08P13,,,08H08,53.58,R16C16,6744083.804,601968.666,2352.861,6744101.01,601963.44,2008,195,,2012,196,1545,0.54659,,137895.1458,480976.944,,
2379,CR10X,3,08P05,,,08H11,73.37,R16C18,6744122.615,602077.9,2337.991,6744147.25,602079.57,2008,197,,2010,203,1701,0.5512,,137895.1458,658627.816,,
2379,CR10X,4,09P01,,,09H09,59.42,R14C16,6743967.273,602013.395,2313.202,6743969.87,602026.45,2009,212,1948,2010,192,1440,0.54063,,137895.1458,533401.456,,
2379,CR10X,5,,,,,,,,,,,,,,,,,,,,,0,,
2379,CR10X,6,,,,,,,,,,,,,,,,,,,,,0,,
2379,CR10X,1,10P09,Barksdale 422-H2-06-A,,10H11,74.37,R16C18b,6744114.929,602080.201,2337.653,6744109.46,602089.99,2010,203,1717,2013,195,2040,0.4013,,137895.1458,667604.616,,
2379,CR10X,2,,,,,,,,,,,,,,,,,,,,,0,,
2379,CR10X,3,10P16,Barksdale 422-H2-06-A,,10H12,72.72,R16C18c,6744113.82,602080.789,2337.515,6744109.46,602089.99,2010,203,1719,2015,181,0,0.9633,,137895.1458,652792.896,,
2379,CR10X,4,10P06,Barksdale 422-H2-06-A,,10H03,76.65,R12C16,6743849.501,602060.444,2273.603,6743830.84,602067.78,2010,193,2057,2013,195,2220,0.3176,,137895.1458,688071.72,,
2379,CR10X,5,10P02,Barksdale 422-H2-06-A,,10H01,87.79,R14C18b,6743999.977,602132.512,2312.336,6743993.57,602136.83,2010,189,1347,2013,195,2040,0.6171,,137895.1458,788073.272,,
2379,CR10X,6,10P12,Barksdale 422-H2-06-A,,10H02,87.9,R12C18,6743888.001,602174.068,2294.301,6743877.68,602183.68,2010,191,1420,,,,0.4251,,137895.1458,789060.72,,
2379,CR10X,1,,,,,,,,,,,,,,,,,,,,,,,
2379,CR10X,2,12P07,,,12H01,85.14,R16.25C18.25,6744101.793,602107.121,2328.823,6744099.89,602107.46,2012,196,1600,2013,195,2100,0.484,,137895.1458,764284.752,,
2379,CR10X,3,,,,,,,,,,,,,,,,,,,,,,,
2379,CR10X,4,,,,,,,,,,,,,,,,,,,,,,,
2379,CR10X,5,,,,,,,,,,,,,,,,,,,,,,,
2379,CR10X,6,,,,,,,,,,,,,,,,,,,,,,,
2379,CR10X,1,13P39,Honeywell 19C200PG5K,yes,13H20,98.1,R13.75C18,6743937.222,602162.804,,6743934.39,602156.42,2013,195,2048,2015,181,0,-0.09704,-0.1365,137895.1458,880624.08,,
2379,CR10X,2,13P35,Honeywell 19C200PG5K,yes,13H21,97.17,R13.75C17.5,6743928.474,602132.73,2294.588,6743922.85,602127.38,2013,195,2102,,,,-0.15135,-0.0958,137895.1458,872275.656,,
2379,CR10X,3,,,,,,,,,,,,,,,,,,,,,0,,
2379,CR10X,4,13P18,Honeywell 19C200PG5K,yes,13H22,96.87,R13.25C17.5,6743898.949,602139.603,2290.802,6743893.81,602138.92,2013,195,2229,2015,181,0,-0.12881,-0.0804,137895.1458,869582.616,,
2379,CR10X,5,13P36,Barksdale 422-H2-06,yes,13H24,91.3,R13.25C18.5,6743915.446,602198.578,2297.657,6743916.89,602197,2013,195,2048,,,,-0.1285,-0.065,137895.1458,819581.84,,
2379,CR10X,6,,,,,,,,,,,,,,,,,,,,,0,,
2379,CR10X,1,15P84,Honeywell 19C200PG5K,no,15HL13,86,R14.25C17,,,,,,2015,182,1248,,,,,0.5512,137895.1458,,5.6201,0.0135
2379,CR10X,2,,,,,,,,,,,,,,,,,,,,,,,
2379,CR10X,3,15P26,Honeywell 19C200PG5K,yes,15HL20,89,R14.25C17.25,,,,,,2015,191,1900,,,,,0.5512,137895.1458,,4.6379,0
2379,CR10X,4,,,,,,,,,,,,,,,,,,,,,,,
2379,CR10X,5,,,,,,,,,,,,,,,,,,,,,,,
2379,CR10X,6,,,,,,,,,,,,,,,,,,,,,,,
2381,CR10X,1,11P10,Barksdale 422-H2-06-A,,11H05,80.23,R16C19.75,6744134.623,602179.02,2339.08,,,2011,189,2203,2012,199,1428,0.5856,,137895.1458,720208.664,,
2381,CR10X,2,10P08,Barksdale 422-H2-06-A,,11H06,77.65,R16C20c,6744142.287,602197.157,2343.814,,,2011,190,2023,2013,188,1402,0.57,,137895.1458,697048.52,,
2381,CR10X,3,10P01,Barksdale 422-H2-06-A,,11H07,69.76,R16C20.5,6744158.563,602221.368,2351.457,,,2011,191,1548,2013,188,1402,0.51579,,137895.1458,626221.568,,
2381,CR10X,4,10P07,Barksdale 422-H2-06-A,,11H08,77.92,R16.5C20,6744167.093,602188.004,2350.645,,,2011,191,1558,2012,200,1600,0.57129,,137895.1458,699472.256,,
2381,CR10X,5,11P20,Barksdale 422-H2-06-A,,11H09,75.55,R16.75C20,6744192.066,602185.546,2358.655,,,2011,191,1657,2014,203,910,0.57843,,137895.1458,678197.24,,
2381,CR10X,6,10P04,Barksdale 422-H2-06-A,,11H10,75.08,R17C20,6744205.664,602179.872,2362.236,,,2011,191,1706,2012,200,1600,0.55007,,137895.1458,673978.144,,
2381,CR10X,1,12P30,,,12H06,74.58,R17.5C18.75,6744185.139,602111.202,2336.846,6744184.03,602107.65,2012,199,1506,2013,188,1402,-0.11442,,137895.1458,669489.744,,
2381,CR10X,2,,,,,,,,,,,,,,,,,,,,,0,,
2381,CR10X,3,,,,,,,,,,,,,,,,,,,,,0,,
2381,CR10X,4,12P40,,,12H08,68.44,R18C18.25b,6744201.489,602067.207,2349.819,6744201.53,602067.07,2012,200,1614,2014,203,910,-0.08551,,137895.1458,614372.192,,
2381,CR10X,5,,,,,,,,,,,,,,,,,,,,,0,,
2381,CR10X,6,12P48,,,12H07,70.85,R17.75C18.5,6744194.296,602090.885,2341.82,6744192.78,602087.36,2012,200,1630,2014,203,910,-0.12113,,137895.1458,636006.28,,
2381,CR10X,1,11P07,Barksdale 422-H2-06-A,,11H03,78.87,R16C19.25,6744120.555,602151.619,2332.95,,,2013,188,1445,2014,203,910,0.51885,,137895.1458,708000.216,,
2381,CR10X,2,10P13,Barksdale 422-H2-06-A,,10H06,76.52,R18C20b,,,,6744272.2,602159.04,2013,188,1534,2014,203,910,0.7036,,137895.1458,686904.736,,
2381,CR10X,3,,,,,,,,,,,,,,,,,,,,,0,,
2381,CR10X,4,,,,,,,,,,,,,,,,,,,,,0,,
2381,CR10X,5,,,,,,,,,,,,,,,,,,,,,0,,
2381,CR10X,6,,,,,,,,,,,,,,,,,,,,,0,,
2381,CR10X,1,14P53,Honeywell 19C200PG5K,yes,14H31,55.9,R17C16.5,6744071.266,601994.05,2347.293,6744073.54,601998.806,2014,203,1110,,,,-0.05518,-0.0515,137895.1458,,,
2381,CR10X,2,14P42,Barksdale 422-H2-06,yes,14H30,58.54,R17C16,6744060.375,601964.863,2346.055,6744061.999,601969.765,2014,203,1116,,,,0.02212,0.01937,137895.1458,,,
2381,CR10X,3,14P15,Barksdale 422-H2-06-A(refurbished),yes,14H29,58.78,R17C15.75,6744054.948,601951.915,2345.579,6744055,601952,2014,203,1124,,,,0.76871,0.72684,137895.1458,,,
2381,CR10X,4,14P55,Honeywell 19C200PG5K,yes,14H28,58.3,R17C15.25,6744045.698,601926.123,2343.271,6744046,601926,2014,203,1132,,,,-0.16426,-0.189,137895.1458,,,
2381,CR10X,5,,,,,,,,,,,,,,,,,,,,,,,
2381,CR10X,6,,,,,,,,,,,,,,,,,,,,,,,
3464,CR10,1,10P20,Barksdale 422-H2-06-A,,10H10,65.91,R18C18b,6744221.396,602044.43,2360.147,6744225.35,602043.15,2010,205,2001,2010,206,1616,0.6264,,137895.1458,591660.888,,
3464,CR10,2,,,,,,,,,,,,,,,,,,,,,0,,
3464,CR10,3,,,,,,,,,,,,,,,,,,,,,0,,
3464,CR10,4,,,,,,,,,,,,,,,,,,,,,0,,
3464,CR10,5,,,,,,,,,,,,,,,,,,,,,0,,
3464,CR10,6,10P18,Barksdale 422-H2-06-A,,10H16,,R18C18c,6744218.047,602040.359,2361.404,6744225.35,602043.15,2010,205,2001,2010,206,1616,0.49636,,137895.1458,0,,
3552,CR10,1,12P48,,,12H07,70.85,R17.75C18.5,6744194.296,602090.885,2341.82,6744192.78,602087.36,2014,203,944,2015,201,0,-0.12113,,137895.1458,636006.28,,
3552,CR10,2,12P40,,,12H08,68.44,R18C18.25b,6744201.489,602067.207,2349.819,6744201.53,602067.07,2014,203,944,2015,201,0,-0.08551,,137895.1458,614372.192,,
3552,CR10,3,10P13,Barksdale 422-H2-06-A,,10H06,76.52,R18C20b,,,,6744272.2,602159.04,2014,203,944,,,,0.7036,,137895.1458,686904.736,,
3552,CR10,4,,,,,,,,,,,,,,,,,,,,,,,
3552,CR10,5,,,,,,,,,,,,,,,,,,,,,,,
3552,CR10,6,,,,,,,,,,,,,,,,,,,,,,,
3552,CR10,1,15P19,Honeywell 19C200PG5K,yes,15HL24,70.9,R15.25C21.5,,,,,,2015,201,1748,,,,,0.5512,137895.1458,,4.9536,0
3552,CR10,2,15P42,Honeywell 19C200PG5K,no,15HL25,70.9,R15.25C22.5,,,,,,2015,201,2002,,,,,0.5512,137895.1458,,,
3552,CR10,3,,,,,,,,,,,,,,,,,,,,,,,
3552,CR10,4,,,,,,,,,,,,,,,,,,,,,,,
3552,CR10,5,,,,,,,,,,,,,,,,,,,,,,,
3552,CR10,6,,,,,,,,,,,,,,,,,,,,,,,
3894,CR1000,1,,,,,,,,,,,,,,,,,,,,,0,,
3894,CR1000,2,13P21,Barksdale 422-H2-06,yes,13H17,69,R13.75C19.5,6743971.811,602252.48,2299.93,6743969.02,602243.54,2013,198,1223,,,,0.00708,-0.0241,137895.1458,619399.2,,
3894,CR1000,3,13P27,,yes,13H05,78,R14.75C19.25,6744023.683,602206.779,2305.795,6744021.33,602205.94,2013,198,1225,,,,-0.06831,,137895.1458,700190.4,,
3894,CR1000,4,13P11,Honeywell 19C200PG5K,yes,13H16,65.6,R14.25C19.5,6743997.549,602233.049,2302.726,6743998,602232,2013,198,1227,,,,-0.13479,0.1312,137895.1458,588878.08,,
3894,CR1000,5,13P54,Barksdale 422-H2-06,yes,13H16,65.6,R14.25C19.5,6743997.549,602233.049,2302.726,6743998,602232,2013,198,1229,,,,-0.1004,-0.0743,137895.1458,588878.08,,
3894,CR1000,6,13P08,Barksdale 422-H2-06-A(refurbished),yes,13H17,69,R13.75C19.5,6743971.811,602252.48,2299.93,6743969.02,602243.54,2013,198,1227,,,,-0.03848,,137895.1458,619399.2,,
3894,CR1000,7,13P32,Barksdale 422-H2-06,yes,13H37,69.17,R14.75C21,6744061.343,602308.551,2316.895,,,2013,199,2020,,,,0.0036,0.05322,137895.1458,620925.256,,
3894,CR1000,8,13P43,Barksdale 422-H2-06,yes,13H38,66.8,R14.75C21.5,6744073.068,602341.321,2318.103,,,2013,199,2026,,,,0.22983,-0.01433,137895.1458,599650.24,,
6563,CR10X,1,08P02,,,08H07,74.88,R21C18,,,,6744437.59,601963.96,2008,193,,2010,199,1310,0.53471,,137895.1458,672182.784,,
6563,CR10X,2,XXP04,,,08H10,74.46,R20C16,,,,6744333.27,601870.95,2008,196,,2010,199,1310,0.543,,137895.1458,668412.528,,
6563,CR10X,3,,,,,,,,,,,,,,,,,,,,,0,,
6563,CR10X,4,,,,,,,,,,,,,,,,,,,,,0,,
6563,CR10X,5,,,,,,,,,,,,,,,,,,,,,0,,
6563,CR10X,6,,,,,,,,,,,,,,,,,,,,,0,,
6563,CR10X,1,10P10,Barksdale 422-H2-06-A,,10H07,74.63,R20C20b,6744383.314,602112.881,2387.78,6744388.09,602112.2,2010,199,1404,2011,205,1926,0.6081,,137895.1458,669938.584,,
6563,CR10X,2,10P23,Barksdale 422-H2-06-A,,10H08,79.48,R18C22,6744326.786,602274.809,2376.614,6744319.04,602274.93,2010,200,1438,2012,207,1650,0.7692,,137895.1458,713476.064,,
6563,CR10X,3,10P22,Barksdale 422-H2-06-A,,10H09,61.1,R20C18b,6744319.098,602024.297,2402.778,6744341.25,601996.31,2010,202,1826,2013,194,2000,0.45361,,137895.1458,548482.48,,
6563,CR10X,4,,,,,,,,,,,,,,,,,,,,,0,,
6563,CR10X,5,,,,,,,,,,,,,,,,,,,,,0,,
6563,CR10X,6,,,,,,,,,,,,,,,,,,,,,0,,
6563,CR10X,1,11P17,Barksdale 422-H2-06-A,,11H31,76.26,R18C19.5,6744248.656,602129.87,2371.82,,,2011,205,1934,2013,194,2000,0.50561,,137895.1458,684570.768,,
6563,CR10X,2,,,,,,,,,,,,,,,,,,,,,0,,
6563,CR10X,3,,,,,,,,,,,,,,,,,,,,,0,,
6563,CR10X,4,11P35,Barksdale 422-H2-06-A,,11H17,80.05,R18C21.5,6744301.178,602249.002,2386.208,,,2011,194,2034,2013,194,2000,0.50157,,137895.1458,718592.84,,
6563,CR10X,5,11P19,Barksdale 422-H2-06-A,,11H22,81.34,R20C21,6744396.264,602175.171,2393.118,,,2011,199,1826,2013,194,2000,0.54819,,137895.1458,730172.912,,
6563,CR10X,6,11P34,Barksdale 422-H2-06-A,,11H25,76.72,R20C20c,6744355.311,602121.139,2394.762,,,2011,202,1942,2013,194,2000,0.57023,,137895.1458,688700.096,,
6563,CR10X,1,,,,,,,,,,,,,,,,,,,,,0,,
6563,CR10X,2,12P02,,,12H23,81.03,R20.25C21,6744397.932,602173.243,2381.345,6744395.69,602174.86,2012,207,1716,2013,194,2000,0.69279,,137895.1458,727390.104,,
6563,CR10X,3,,,,,,,,,,,,,,,,,,,,,0,,
6563,CR10X,4,,,,,,,,,,,,,,,,,,,,,0,,
6563,CR10X,5,,,,,,,,,,,,,,,,,,,,,0,,
6563,CR10X,6,,,,,,,,,,,,,,,,,,,,,0,,
6563,CR10X,1,13P08,Barksdale 422-H2-06-A(refurbished),yes,13H17,69,R13.75C19.5,6743971.811,602252.48,2299.93,6743969.02,602243.54,2013,194,2110,2013,198,1200,-0.03848,,137895.1458,619399.2,,
6563,CR10X,2,13P21,Barksdale 422-H2-06,yes,13H17,69,R13.75C19.5,6743971.811,602252.48,2299.93,6743969.02,602243.54,2013,194,2118,2013,198,1200,0.00708,-0.0241,137895.1458,619399.2,,
6563,CR10X,3,13P27,,yes,13H05,78,R14.75C19.25,6744023.683,602206.779,2305.795,6744021.33,602205.94,2013,194,2120,2013,198,1200,-0.06831,,137895.1458,700190.4,,
6563,CR10X,4,13P11,Honeywell 19C200PG5K,yes,13H16,65.6,R14.25C19.5,6743997.549,602233.049,2302.726,6743998,602232,2013,194,2130,2013,198,1200,-0.13479,0.1312,137895.1458,588878.08,,
6563,CR10X,5,13P54,Barksdale 422-H2-06,yes,13H16,65.6,R14.25C19.5,6743997.549,602233.049,2302.726,6743998,602232,2013,194,2146,2013,198,1200,-0.1004,-0.0743,137895.1458,588878.08,,
6563,CR10X,6,,,,,,,,,,,,,,,,,,,,,0,,
6563,CR10X,1,14P75,Honeywell 19C200PG5K,yes,14H09,70.1,R21C12,6744204.763,601638.87,2393.243,6744201.995,601645.11,2014,196,1228,,,,0.18431,0.15033,137895.1458,,,
6563,CR10X,2,14P54,Honeywell 19C200PG5K,yes,14H10,69.4,R21C11.75,6744200.314,601623.22,2393.19,6744196.224,601630.59,2014,193,1656,,,,-0.01519,-0.0474,137895.1458,,,
6563,CR10X,3,14P04,Barksdale 422-H2-06,yes,14H11,68.05,R21C11.5,6744194.777,601608.101,2392.806,6744190.454,601616.069,2014,193,1716,,,,0.6409,0.05546,137895.1458,,,
6563,CR10X,4,14P11,Barksdale 422-H2-06-A(refurbished),yes,14H12,64.7,R21C11,6744186.818,601587.327,2391.706,6744178.913,601587.029,2014,193,1915,,,,0.65609,0.65661,137895.1458,,,
6563,CR10X,5,14P25,Barksdale 422-H2-06,yes,14H13,56.08,R21C10.5,6744177.322,601557.403,2389.886,6744167.371,601557.988,2014,193,1919,,,,0.71878,0.68612,137895.1458,,,
6563,CR10X,6,14P35,Barksdale 422-H2-06,yes,14H14,28.9,R21C10,6744165.613,601530.694,2388.731,6744155.83,601528.947,2014,194,1436,,,,0.20184,0.19174,137895.1458,,,
6566,CR10X,1,06P04,,,08H02,75.74,R16C20,6744174.093,602197.968,2342.009,6744193.5,602195.7,2008,188,1843,2010,203,1245,0.5335,,137895.1458,679902.832,,
6566,CR10X,2,08P12,,,08H03,76.24,R18C20,6744291.366,602158.293,2370.428,6744309.63,602149.46,2008,189,1800,2010,203,1245,0.5335,,137895.1458,684391.232,,
6566,CR10X,3,08P08,,,08H04,78.77,R20C20,6744408.325,602117.622,2389.352,6744425.76,602103.21,2008,190,,2010,203,1245,-2.79,,137895.1458,707102.536,,
6566,CR10X,4,08P10,,,08H05,56.7,R18C18,6744248.571,602047.679,2368.48,6744263.38,602033.32,2008,191,,2010,203,1245,0.5512,,137895.1458,508984.56,,
6566,CR10X,5,XXP03,,,08H06,64.35,R20C18,6744359.792,602005.458,2398.635,6744379.52,601987.08,2008,192,,2010,203,1245,0.5512,,137895.1458,577657.08,,
6566,CR10X,6,08P06,,,08H09,61.87,R18C16,6744197.304,601928.017,2378.722,6744217.14,601917.19,2008,195,2020,2010,203,1245,0.5512,,137895.1458,555394.616,,
6566,CR10X,1,10P20,Barksdale 422-H2-06-A,,10H10,65.91,R18C18b,6744221.396,602044.43,2360.147,6744225.35,602043.15,2010,203,1308,2010,205,1945,0.6264,,137895.1458,591660.888,,
6566,CR10X,2,,,,,,,,,,,,,,,,,,,,,0,,
6566,CR10X,3,,,,,,,,,,,,,,,,,,,,,0,,
6566,CR10X,4,,,,,,,,,,,,,,,,,,,,,0,,
6566,CR10X,5,,,,,,,,,,,,,,,,,,,,,0,,
6566,CR10X,6,,,,,,,,,,,,,,,,,,,,,0,,
6566,CR10X,1,10P19,Barksdale 422-H2-06-A,,11H12,76.76,R17.25C20,6744218.998,602174.538,2365.747,,,2011,192,1948,2012,202,1820,0.49347,,137895.1458,689059.168,,
6566,CR10X,2,11P02,Barksdale 422-H2-06-A,,11H11,78,R17.5C20,6744232.39,602169.219,2369.079,,,2011,192,1956,2014,200,1333,0.51794,,137895.1458,700190.4,,
6566,CR10X,3,11P33,Barksdale 422-H2-06-A,,11H13,77.12,R18C20c,6744259.712,602158.512,2375.5,,,2011,192,2006,2012,202,1210,0.58612,,137895.1458,692290.816,,
6566,CR10X,4,11P31,Barksdale 422-H2-06-A,,11H14,80.92,R18C20.5,6744272.432,602189.392,2379.634,,,2011,192,2102,2012,202,1210,0.59514,,137895.1458,726402.656,,
6566,CR10X,5,11P06,Barksdale 422-H2-06-A,,11H15,83.32,R18C21,6744283.867,602215.985,2382.746,,,2011,194,1958,2012,202,1210,0.53461,,137895.1458,747946.976,,
6566,CR10X,6,11P03,Barksdale 422-H2-06-A,,11H16,82.85,R18C21.25,6744292.171,602229.684,2384.463,,,2011,194,2004,2014,200,1333,0.53832,,137895.1458,743727.88,,
6566,CR10X,1,12P64,,,12H13,76.13,R18.25C19.75,6744251.346,602148.513,2360.372,6744250.68,602148.42,2012,202,1844,2014,200,1333,0.0902,,689475.73,683403.784,,
6566,CR10X,2,,,,,,,,,,,,,,,,,,,,,0,,
6566,CR10X,3,12P42,,,12H11,77.6,R18.25C19.25,6744240.492,602120.535,2356.587,6744239.13,602119.38,2012,202,1444,2014,200,1333,-0.10639,,137895.1458,696599.68,,
6566,CR10X,4,12P49,,,12H10,78.06,R18.25C19,6744233.939,602106.764,2354.661,6744233.36,602104.86,2012,202,1420,2014,200,1333,-0.01729,,137895.1458,700729.008,,
6566,CR10X,5,12P31,,,12H12,76.5,R18.25C19.5,6744246.09,602134.765,2358.661,6744244.9,602133.9,2012,202,1432,2014,200,1333,-0.00914,,137895.1458,686725.2,,
6566,CR10X,6,,,,,,,,,,,,,,,,,,,,,0,,
6566,CR10X,1,14P39,Barksdale 422-H2-06,yes,14H22,52.87,R17C13.5,6744006.808,601825.116,2340.74,6744007,601825,2014,201,1650,,,,0.03073,0.02472,137895.1458,,,
6566,CR10X,2,14P72,Honeywell 19C200PG5K,yes,14H23,52.75,R17C13.75,6744012.461,601839.715,2341.01,6744012,601840,2014,201,1704,,,,0.00825,0.0882,137895.1458,,,
6566,CR10X,3,14P29,Barksdale 422-H2-06-A(refurbished),yes,14H24,53.8,R17C14,6744017.965,601854.351,2340.706,6744018,601854,2014,201,1730,,,,0.22817,0.67809,137895.1458,,,
6566,CR10X,4,14P12,Barksdale 422-H2-06,yes,14H25,53.9,R17C14.25,6744024.21,601869.382,2340.739,6744021.605,601868.123,2014,201,1748,,,,0.70946,0.70881,137895.1458,,,
6566,CR10X,5,14P02,Barksdale 422-H2-06,yes,14H26,52.33,R17C14.5,6744029.107,601882.754,2340.293,6744029,601883,2014,201,1806,,,,0.22828,0.22251,137895.1458,,,
6566,CR10X,6,14P13,Barksdale 422-H2-06,yes,14H27,56.22,R17C14.75,6744034.734,601896.983,2339.676,6744035,601897,2014,201,1824,,,,0.66717,0.66605,137895.1458,,,
6568,CR10X,1,10P17,Barksdale 422-H2-06-A,,10H14,68.55,R20C16b,,,,6744294.41,601880.42,2010,205,1843,2014,194,1600,0.4073,,137895.1458,615359.64,,
6568,CR10X,2,10P15,Barksdale 422-H2-06-A,,10H13,61.34,R18C16c,6744173.337,601930.852,2372.573,6744178.51,601927.26,2010,205,1855,2014,194,1600,0.4991,,137895.1458,550636.912,,
6568,CR10X,3,,,,,,,,,,,,,,,,,,,,,0,,
6568,CR10X,4,,,,,,,,,,,,,,,,,,,,,0,,
6568,CR10X,5,,,,,,,,,,,,,,,,,,,,,0,,
6568,CR10X,6,,,,,,,,,,,,,,,,,,,,,0,,
6568,CR10X,1,14P67,Honeywell 19C200PG5K,yes,14H17,76.6,R21.75C16,6744345.677,601869.662,2405.62,6744337.886,601860.124,2014,196,1348,,,,-0.16054,-0.1998,137895.1458,,,
6568,CR10X,2,14P37,Barksdale 422-H2-06,yes,14H18,81.08,R21.75C16.5,6744354.327,601892.377,2405.662,6744349.427,601889.165,2014,196,1656,,,,0.02609,0.01537,137895.1458,,,
6568,CR10X,3,14P28,Barksdale 422-H2-06-A(refurbished),yes,14H19,79.85,R21.75C17,6744364.247,601918.698,2405.164,6744364,601919,2014,196,1706,,,,0.67561,0.67731,137895.1458,,,
6568,CR10X,4,14P59,Honeywell 19C200PG5K,yes,14H20,75,R21.75C17.5,6744375.583,601947.882,2405.44,6744375.583,601947.882,2014,196,1734,,,,-0.01453,-0.02,137895.1458,,,
6568,CR10X,5,14P23,Barksdale 422-H2-06,yes,14H21,69.67,R21.75C18,6744385.226,601975.614,2405.592,6744385,601976,2014,196,1914,,,,0.67012,0.67273,137895.1458,,,
6568,CR10X,6,,,,,,,,,,,,,,,,,,,,,,,
12603,CR10X,1,10P20,Barksdale 422-H2-06-A,,10H10,65.91,R18C18b,6744221.396,602044.43,2360.147,6744225.35,602043.15,2010,206,1637,2011,204,1947,0.6264,,137895.1458,591660.888,,
12603,CR10X,2,10P18,Barksdale 422-H2-06-A,,10H16,,R18C18c,6744218.047,602040.359,2361.404,6744225.35,602043.15,2010,206,1637,2011,204,1947,0.49636,,137895.1458,0,,
12603,CR10X,3,,,,,,,,,,,,,,,,,,,,,0,,
12603,CR10X,4,,,,,,,,,,,,,,,,,,,,,0,,
12603,CR10X,5,,,,,,,,,,,,,,,,,,,,,0,,
12603,CR10X,6,,,,,,,,,,,,,,,,,,,,,0,,
12603,CR10X,1,11P12,Barksdale 422-H2-06-A,,11H29,70.77,R18C18d,6744210.265,602045.789,2371.692,,,2011,204,1955,2015,186,0,0.66856,,137895.1458,635288.136,,
12603,CR10X,2,11P29,Barksdale 422-H2-06-A,,11H28,68.53,R18C18.25,6744216.972,602059.12,2368.633,,,2011,204,2000,2015,186,0,0.67607,,137895.1458,615180.104,,
12603,CR10X,3,11P09,Barksdale 422-H2-06-A,,11H23,75.14,R17C19b,6744172.701,602127.855,2344.861,,,2011,201,1741,2012,196,2147,0.57846,,137895.1458,674516.752,,
12603,CR10X,4,11P37,Barksdale 422-H2-06-A,,11H27,75.17,R18C18.5,6744222.761,602070.818,2367.331,,,2011,204,2006,2012,196,16.3,0.76202,,137895.1458,674786.056,,
12603,CR10X,5,11P01,Barksdale 422-H2-06-A,,11H26,69.3,R18C18.75,6744230.318,602085.701,2366.95,,,2011,204,2016,2015,190,0,0.62846,,137895.1458,622092.24,,
12603,CR10X,6,11P24,Barksdale 422-H2-06-A,,11H30,71.79,R18C19,6744236.226,602100.537,2367.765,,,2011,204,2022,,,,0.63758,,137895.1458,644444.472,,
12603,CR10X,1,,,,,,,,,,,,,,,,,,,,,,,
12603,CR10X,2,,,,,,,,,,,,,,,,,,,,,,,
12603,CR10X,3,12P39,,,12H03,79.57,R16.25C18.75,6744115.007,602136.509,2319.46,,,2012,196,2152,2015,186,0,-0.04907,,137895.1,714283.976,,
12603,CR10X,4,12P34,,,12H02,80.9,R16.25C18.5,6744108.39,602122.509,2321.602,6744105.66,602121.99,2012,196,1640,2015,187,0,-0.23629,,137895.1,726223.12,,
12603,CR10X,5,,,,,,,,,,,,,,,,,,,,,0,,
12603,CR10X,6,,,,,,,,,,,,,,,,,,,,,0,,
12603,CR10X,1,15P57,Honeywell 19C200PG5K,yes,15HL15,83,R16.25C17.75,,,,,,2015,186,1318,,,,,0.5512,137895.1458,0,3.5451,0
12603,CR10X,2,15P52,Honeywell 19C200PG5K,yes,15HL14,74,R16.25C17.5,,,,,,2015,186,1356,,,,,0.5512,137895.1458,0,1.9079,0
12603,CR10X,3,15P53,Honeywell 19C200PG5K,yes,15HL17,84,R16.26C18.25,,,,,,2015,186,1812,,,,,0.5512,137895.1458,,5.4392,0
12603,CR10X,4,15P56,Honeywell 19C200PG5K,yes,15HL18,84.5,R16.25C18.5,,,,,,2015,187,1518,,,,,0.5512,137895.1458,,5.3412,0
12603,CR10X,5,15P59,Honeywell 19C200PG5K,yes,15HL16,84,R16.25C18,,,,,,2015,190,1850,,,,,0.5512,137895.1458,,5.4221,0
12603,CR10X,6,,,,,,,,,,,,,,,,,,,,,,,
12709,CR10X,1,09P07,,,09H01,68.83,R18C14,6744136.006,601797.643,2374.358,6744154.07,601816.23,2009,212,1640,2010,205,1721,0.54,,137895.1458,617873.144,,
12709,CR10X,2,XXP02,,,09H11,60.68,R18C16b,6744193.035,601923.99,2377.701,6744201.32,601931.95,2009,212,1640,2012,202,1456,0.5512,,137895.1458,544712.224,,
12709,CR10X,3,08P09,,,09H10,56.22,R16C16b,6744074.786,601973.038,2350.562,6744085.6,601979.2,2009,212,1640,2012,202,1456,0.20796,,137895.1458,504675.696,,
12709,CR10X,4,09P09,,,09H06,51.38,R16C14,6744026.867,601855.462,2345.21,6744038.35,601863.47,2009,212,1640,2012,202,1456,0.51181,,137895.1458,461227.984,,
12709,CR10X,5,09P02,,,09H07,51.78,R16C14b,6744025.07,601846.095,2342.503,6744038.35,601863.47,2009,212,1640,2012,202,1456,0.56031,,137895.1458,464818.704,,
12709,CR10X,6,09P03,,,09H08,47.91,R14C14,6743928.048,601882.124,2315.554,6743922.62,601910.72,2009,212,1640,2010,192,1645,0.53824,,137895.1458,430078.488,,
12709,CR10X,1,10P14,Barksdale 422-H2-06-A,,10H15,67.26,R18C14b,6744120.478,601808.924,2371.239,6744131.67,601811.37,2010,205,1735,2012,202,1456,0.6824,,137895.1458,603779.568,,
12709,CR10X,2,,,,,,,,,,,,,,,,,,,,,0,,
12709,CR10X,3,,,,,,,,,,,,,,,,,,,,,0,,
12709,CR10X,4,,,,,,,,,,,,,,,,,,,,,0,,
12709,CR10X,5,,,,,,,,,,,,,,,,,,,,,0,,
12709,CR10X,6,,,,,,,,,,,,,,,,,,,,,0,,
12709,CR10X,1,12P99,,,12H16,83.27,R19.5C20.75,6744349.102,602178.412,2377.831,6744346.36,602177.65,2012,204,1726,2015,203,0,0.10585,,689475.73,747498.136,,
12709,CR10X,2,12P65,,,12H15,81.55,R19.75C20.5,6744357.019,602158.719,2379.784,6744355.11,602157.36,2012,204,1752,2015,203,0,0.04638,,689475.73,732058.04,,
12709,CR10X,3,12P61,,,12H17,82.84,R19.25C21,6744340.81,602198.827,2376.563,6744337.61,602197.94,2012,204,2056,2015,203,0,0.0541,,689475.73,743638.112,,
12709,CR10X,4,12P29,,,12H18,73.71,R19C21.75,6744340.584,602254.548,2376.778,6744340.4,602247.27,2012,205,2030,2012,207,1750,-0.02455,,137895.1458,661679.928,,
12709,CR10X,5,12P62,,,12H14,77.95,R18.25C20.25,6744262.2,602176.918,2364.334,6744262.22,602177.46,2012,206,1630,2015,203,0,0.077345,,689475.73,699741.56,,
12709,CR10X,4,12P03,,,12H21,83.43,R20.25C21.5,6744413.761,602200.767,2380.744,6744407.23,602203.9,2012,207,1802,2015,203,0,0.66306,,137895.1458,748934.424,,
12709,CR10X,6,12P63,,,12H24,82.34,R20.25C20.75,6744388.301,602158.387,2382.47,6744389.92,602160.34,2012,209,1556,2015,203,0,0.04408,,689475.73,739149.712,,
12709,CR10X,1,15P09,Honeywell 19C200PG5K,yes,15HU57,65.6,R22C25,,,,,,2015,204,1738,,,,0.5512,0.5512,137895.1458,,4.5468,
12709,CR10X,2,14P33,Barksdale 422-H2-06,no,15HU58,53.8,R22C22.5,,,,,,2015,204,1750,,,,0.5512,0.5512,137895.1458,,1.713,
12709,CR10X,3,15P79,Honeywell 19C200PG5K,yes,15HU56,66.3,R22C24.5,,,,,,2015,204,1752,,,,0.5512,0.5512,137895.1458,,0.3637,
12709,CR10X,4,14P38,Barksdale 422-H2-06,no,15HU59,68,R22C24.25,,,,,,2015,204,1802,,,,0.5512,0.5512,137895.1458,,4.7162,
12709,CR10X,5,15P38,Honeywell 19C200PG5K,yes,15HU55,84.9,R22C24,,,,,,2015,204,1812,,,,0.5512,0.5512,137895.1458,,2.9758,0
12709,CR10X,6,,,,,,,,,,,,,,,,,,,,,,,
13495,CR10,1,14P34,,,14H07,68.5,R21C12.5,6744215.972,601668.16,2393.043,6744213.536,601674.151,2014,193,1237,,,,0.1971,0.10892,137895.1458,,,
13495,CR10,2,14P49,,,14H08,68.4,R21C12.25,6744211.534,601653.852,2393.33,6744207.766,601659.63,2014,193,1250,,,,-0.01223,-0.0194,137895.1458,,,
13495,CR10,3,,,,,,,,,,,,,,,,,,,,,,,
13495,CR10,4,,,,,,,,,,,,,,,,,,,,,,,
13495,CR10,5,,,,,,,,,,,,,,,,,,,,,,,
13495,CR10,6,,,,,,,,,,,,,,,,,,,,,,,
14534,CR10X,1,09P06,,,09H02,54.46,R18C12,6744097.314,601691.731,2365.482,6744106.83,601700.5,2009,212,1500,2011,203,2010,0.54443,,137895.1458,488876.528,,
14534,CR10X,2,09P05,,,09H05,46.91,R16C12b,6743986.616,601738.628,2335.203,6743991.1,601747.75,2009,212,1500,2010,192,1636,0.543333,,137895.1458,421101.688,,
14534,CR10X,3,,,,,,,,,,,,,,,,,,,,,0,,
14534,CR10X,4,09P08,,,09H03,43.8,R18C10,6744062.639,601568.602,2361.865,6744059.58,601584.77,2009,212,1500,2011,203,2010,0.53358,,137895.1458,393183.84,,
14534,CR10X,5,,,,,,,,,,,,,,,,,,,,,0,,
14534,CR10X,6,09P13,,,09H04,48.63,R16C12,6743987.913,601734.524,2335.62,6743991.1,601747.75,2009,212,1500,2011,203,2010,0.536,,137895.1458,436541.784,,
14534,CR10X,1,12P44,,,12H26,70.95,R14.5C19.75,,,,6744032.87,602234.98,2012,212,1650,,,,-0.02755,,137895.1458,636903.96,,
14534,CR10X,2,12P46,,,12H25,83.8,R14.5C19.25,,,,6744021.33,602205.94,2012,212,1718,2013,192,1702,-0.12125,,137895.1458,752255.84,,
14534,CR10X,3,,,,,,,,,,,,,,,,,,,,,0,,
14534,CR10X,4,,,,,,,,,,,,,,,,,,,,,0,,
14534,CR10X,5,,,,,,,,,,,,,,,,,,,,,0,,
14534,CR10X,6,,,,,,,,,,,,,,,,,,,,,0,,
14534,CR10X,1,,,,,,,,,,,,,,,,,,,,,,,
14534,CR10X,2,13P64,,yes,13H01,73.6,R14.75C19.5,6744028.78,602221.454,2306.818,6744027.1,602220.46,2013,192,1723,,,,0.5512,,137895.1458,660692.48,,
14534,CR10X,3,,,,,,,,,,,,,,,,,,,,,0,,
14534,CR10X,4,13P10,Barksdale 422-H2-06,yes,13H04,66.4,R14.75C20.5,6744046.477,602279.547,2313.31,6744050.18,602278.54,2013,187,1943,,,,-0.02126,,137895.1458,596059.52,,
14534,CR10X,5,13P51,,yes,13H03,60.53,R14.75C20,6744037.735,602251.175,2310.161,6744038.64,602249.5,2013,188,1200,,,,0.5512,,,543365.704,,
14534,CR10X,6,13P65,Barksdale 422-H2-06,yes,13H02,,R14.75C19.75,6744030.779,602234.849,,6744032.87,602234.98,2013,188,1308,,,,-0.15247,,137895.1458,0,,
15945,CR1000,1,12P33,,,12H27,88.34,R14.5C18.75,6744009.79,602176.9,,6744009.628,602176.483,2012,212,1757,2015,175,0,-0.12225,-0.12225,137895.1,793010.512,,
15945,CR1000,2,12P08,,,12H29,,R14.5C18.25,,,,6743998.25,602147.86,2012,212,1832,2015,175,0,1.5215,1.5215,243720.47,0,,
15945,CR1000,3,,,,,,,,,,,,,,,,,,,,,0,,
15945,CR1000,4,,,,,,,,,,,,,,,,,,,,,0,,
15945,CR1000,5,,,,,,,,,,,,,,,,,,,,,0,,
15945,CR1000,6,,,,,,,,,,,,,,,,,,,,,0,,
15945,CR1000,7,,,,,,,,,,,,,,,,,,,,,0,,
15945,CR1000,8,,,,,,,,,,,,,,,,,,,,,0,,
15945,CR1000,1,,,,,,,,,,,,,,,,,,,,,0,,
15945,CR1000,2,,,,,,,,,,,,,,,,,,,,,0,,
15945,CR1000,3,13P29,Barksdale 422-H2-06,yes,13H09,95.1,R14.75C18.25,6743999.36,602149.604,2310.304,6743998.25,602147.86,2013,189,2027,2015,175,0,0.11559,-0.0817,137895.1458,853693.68,,
15945,CR1000,4,13P12,Honeywell 19C200PG5K,yes,13H10,91.85,R14.75C18,6743994.585,602134.465,2310.494,6743992.48,602133.34,2013,189,2033,2015,175,0,-0.15715,-0.10763,137895.1458,824519.08,,
15945,CR1000,5,13P61,Honeywell 19C200PG5K,yes,13H11,85.5,R14.75C17.5,6743984.078,602105.777,2309.472,6743980.93,602104.3,2013,192,1504,2015,175,0,-0.18226,-0.1911,137895.1458,767516.4,,
15945,CR1000,6,13P04,Barksdale 422-H2-06,yes,13H12,90.25,R14.25C17.5,6743954.15,602114.252,2300.431,6743951.89,602115.84,2013,192,2038,2015,175,0,-0.16857,-0.9988,137895.1458,810156.2,,
15945,CR1000,7,13P52,Barksdale 422-H2-06,yes,13H13,97.07,R14.25C18,6743961.025,602144.057,2302.964,6743963.44,602144.88,2013,192,2109,2015,175,0,0.05067,0.05452,137895.1458,871377.976,,
15945,CR1000,8,13P55,Barksdale 422-H2-06,yes,13H14,98.15,R14.25C18.5,6743972.446,602174.938,2305.059,6743974.98,602173.92,2013,193,1910,2015,175,0,0.0775,0.07914,137895.1458,881072.92,,
15945,CR1000,1,15P75,Honeywell 19C200PG5K,no,15HL01,95,R15.25C18.5,,,,,,2015,175,2015,,,,,0.5512,137895.1458,,5.99798,0
15945,CR1000,2,15P34,Honeywell 19C200PG5K,yes,15HL02,95.8,R15.25C18.25,,,,,,2015,175,2015,,,,,0.5512,137895.1458,,6.28949,
15945,CR1000,3,15P22,Honeywell 19C200PG5K,yes,15HL03,91.5,R15.25C18,,,,,,2015,176,1850,,,,,0.5512,137895.1458,,6.18673,0.003
15945,CR1000,4,15P70,Honeywell 19C200PG5K,no,15HL05,87,R15.25C17.5,,,,,,2015,177,1700,,,,,0.5512,137895.1458,,4.05986,-0.0011
15945,CR1000,5,15P18,Honeywell 19C200PG5K,yes,15HL06,80.7,R15.25C17.25,,,,,,2015,178,1926,,,,,0.5512,137895.1458,,3.79458,-0.00795
15945,CR1000,6,15P66,Honeywell 19C200PG5K,yes,15HL08,71,R15.25C16.75,,,,,,2015,179,1931,,,,,0.5512,137895.1458,,3.66304,0
15945,CR1000,7,15P21,Honeywell 19C200PG5K,no,15HL07,77,R15.25C17,,,,,,2015,179,1929,,,,,0.5512,137895.1458,,3.76526,0
15945,CR1000,8,15P86,Honeywell 19C200PG5K,no,15HL07,77,R15.25C17,,,,,,2015,179,1622,,,,,0.5512,137895.1458,,3.67734,0.0198
15948,CR1000,1,11P13,Barksdale 422-H2-06-A,,11H32,73.83,R20.25C19,6744362.872,602051.343,2403.836,,,2011,205,1848,2014,200,2359,0.38,0.38,137895.1458,662757.144,,
15948,CR1000,2,10P03,Barksdale 422-H2-06-A,,11H33,68.57,R20.25C18.75,6744358.252,602038.876,2405.22,,,2011,206,1414,2014,200,2359,0.38,0.38,137895.1458,615539.176,,
15948,CR1000,3,11P26,Barksdale 422-H2-06-A,,11H34,63.79,R20.25C18.5,6744352.437,602025.607,2406.636,,,2011,206,2032,2014,200,2359,0.38,0.38,137895.1458,572630.072,,
15948,CR1000,4,11P32,Barksdale 422-H2-06-A,,11H35,62.92,R20.25C18.25,6744348.067,602011.074,2408.554,,,2011,206,2043,2014,200,2359,0.38,0.38,137895.1458,564820.256,,
15948,CR1000,5,11P15,Barksdale 422-H2-06-A,,11H36,61.54,R20.25C18,6744340.997,601994.132,2410.47,,,2011,206,2100,2014,200,2359,0.38,0.38,137895.1458,552432.272,,
15948,CR1000,6,,,,,,,,,,,,,,,,,,,,,0,,
15948,CR1000,1,14P66,Honeywell 19C200PG5K,yes,14H36,59.8,R15C14.5b,6743914.451,601933.094,2303.892,6743911.213,601928.808,2014,201,1904,,,,-0.25638,-0.2612,137895.1458,,,
15948,CR1000,2,14P01,Barksdale 422-H2-06-A(refurbished),yes,14H34,52.45,R15C14,6743904.157,601901.149,2306.262,6743904,601901,2014,203,1426,,,,0.66398,0.66206,137895.1458,,,
15948,CR1000,3,14P44,Barksdale 422-H2-06,yes,14H35,53.1,R15C13.5,6743891.165,601869.006,2306.104,6743891,601869,2014,203,1423,,,,0.14829,0.14497,137895.1458,,,
15948,CR1000,4,14P71,Honeywell 19C200PG5K,yes,14H37,57.17,R15C13,6743880.607,601840.537,2305.565,6743881,601840,2014,203,1446,,,,0.1684,0.15033,137895.1458,,,
15948,CR1000,5,14P50,Honeywell 19C200PG5K,yes,14H38,59.62,R15C12.5,6743870.195,601811.234,2303.528,6743865.048,601812.645,2014,203,1452,,,,0.26185,-0.2332,137895.1458,,,
15948,CR1000,6,14P17,Barksdale 422-H2-06-A(refurbished),yes,14H39,66.73,R15C12,6743859.64,601782.139,2301.163,6743853.507,601783.605,2014,203,1500,,,,0.86912,0.8939,137895.1458,,,
15948,CR1000,7,14P63,Honeywell 19C200PG5K,yes,14H40,68.96,R15C11.5,6743848.165,601753.858,2299.177,6743841.965,601754.564,2014,203,1510,,,,-0.20119,-0.2132,137895.1458,,,
15948,CR1000,8,14P26,Barksdale 422-H2-06-A(refurbished),yes,14H41,69.16,R15C11,6743834.733,601720.151,2298,6743830.424,601725.523,2014,203,1522,,,,0.22699,0.24126,137895.1458,,,
15949,CR1000,1,10P11,Barksdale 422-H2-06-A,,11H18,89,R20C22,6744427.381,602233.131,2394.823,,,2011,196,2057,2015,182,1329,0.46344,0.46344,137895.1458,798935.2,,
15949,CR1000,2,11P11,Barksdale 422-H2-06-A,,11H19,87.66,R20C21.75,6744420.107,602218.657,2393.974,,,2011,197,1747,2015,182,1329,0.38532,0.38532,137895.1458,786906.288,,
15949,CR1000,3,11P14,Barksdale 422-H2-06-A,,11H20,88.18,R20C22.25,6744434.666,602249.05,2395.571,,,2011,197,2124,2013,208,1230,0.35038,0.35038,137895.1458,791574.224,,
15949,CR1000,4,11P36,Barksdale 422-H2-06-A,,11H21,83.47,R20C21.5,6744412.378,602205.421,2393.345,,,2011,198,1933,2013,208,1504,0.38,0.38,137895.1458,749293.496,,
15949,CR1000,5,11P21,Barksdale 422-H2-06-A,,11H24,81.14,R20C21.25,6744404.427,602190.277,2393.004,,,2011,202,1902,2013,208,1522,0.38,0.38,137895.1458,728377.552,,
15949,CR1000,6,,,,,,,,,,,,,,,,,,,,,0,,
15949,CR1000,1,,,,,,,,,,,,,,,,,,,,,0,,
15949,CR1000,2,,,,,,,,,,,,,,,,,,,,,0,,
15949,CR1000,3,,,,,,,,,,,,,,,,,,,,,0,,
15949,CR1000,4,,,,,,,,,,,,,,,,,,,,,0,,
15949,CR1000,5,,,,,,,,,,,,,,,,,,,,,0,,
15949,CR1000,6,12P04,,,12H22,82.68,R20.25C21.25,6744405.954,602186.809,2380.726,6744401.46,602189.38,2012,207,1512,2013,209,940,0.38,0.38,137895.1458,742201.824,,
15949,CR1000,7,12P43,,,12H20,70.02,R19.5C22.25,6744378.663,602264.457,2377.86,6744380.98,602264.77,2012,207,1537,2015,182,1329,0.38,0.38,137895.1458,628555.536,,
15949,CR1000,8,12P21,,,12H19,85.65,R19.25C22,6744358.179,602256.708,2377.368,6744360.69,602256.02,2012,209,1640,2015,182,1329,0.38,0.38,137895.1458,768862.92,,
15949,CR1000,1,,,,,,,,,,,,,,,,,,,,,0,,
15949,CR1000,2,,,,,,,,,,,,,,,,,,,,,0,,
15949,CR1000,3,13P44,Barksdale 422-H2-06,yes,13H48,81.5,R20.5C20.75,6744396.836,602161.078,2381.9,,,2013,208,1454,2015,182,1329,-0.2407,-0.0502,137895.1458,731609.2,,
15949,CR1000,4,13P57,Barksdale 422-H2-06,yes,13H50,83.4,R20.5C21.25,6744403.303,602190.168,2379.79,,,2013,208,1507,2015,182,1329,-0.0199,0.05414,137895.1458,748665.12,,
15949,CR1000,5,13P48,Barksdale 422-H2-06,yes,13H52,82.9,R20.5C21.75,6744413.503,602218.665,2379.871,,,2013,208,1535,2015,182,1329,0,0,137895.1458,744176.72,,
15949,CR1000,6,13P47,Barksdale 422-H2-06,yes,13H54,89.8,R20.5C22.25,6744424.25,602244.694,2381.129,,,2013,209,951,2015,182,1329,-0.10054,-0.0482,137895.1458,806116.64,,
15949,CR1000,7,,,,,,,,,,,,,,,,,,,,,0,,
15949,CR1000,8,,,,,,,,,,,,,,,,,,,,,0,,
19857,CR10X,1,10P24,Barksdale 422-H2-06-A,,10H04,67.18,R14C20,6744050.097,602242.665,2313.159,6744040.41,602252.73,2010,194,2244,2013,188,1238,0.67609,,137895.1458,603061.424,,
19857,CR10X,2,10P05,Barksdale 422-H2-06-A,,10H05,76.3,R16C20b,6744164.912,602196.603,2338.894,6744156.3,602205.88,2010,196,2150,2011,189,2127,0.4453,,137895.1458,684929.84,,
19857,CR10X,3,10P13,Barksdale 422-H2-06-A,,10H06,76.52,R18C20b,,,,6744272.2,602159.04,2010,197,2112,2013,188,1510,0.7036,,137895.1458,686904.736,,
19857,CR10X,4,10P21,Barksdale 422-H2-06-A,,10H17,71.74,R17C19,,,,6744192.86,602123.95,2010,206,1824,2011,187,1922,0.4112,,137895.1458,643995.632,,
19857,CR10X,5,,,,,,,,,,,,,,,,,,,,,0,,
19857,CR10X,6,,,,,,,,,,,,,,,,,,,,,0,,
19857,CR10X,1,,,,,,,,,,,,,,,,,,,,,0,,
19857,CR10X,2,11P04,Barksdale 422-H2-06-A,,11H04,80.25,R16C19.5,6744127.66,602166.795,2335.773,,,2011,189,2138,2012,196,2103,0.6759,,137895.1458,720388.2,,
19857,CR10X,3,,,,,,,,,,,,,,,,,,,,,0,,
19857,CR10X,4,11P16,Barksdale 422-H2-06-A,,11H01,78.76,R16C19,6744115.424,602139.804,2331.936,,,2011,187,1934,2012,199,1404,0.559,,137895.1458,707012.768,,
19857,CR10X,5,11P25,Barksdale 422-H2-06-A,,11H02,78.63,R16C19b,6744114.22,602137.759,2331.678,,,2011,187,2005,2013,188,1420,0.55108,,137895.1458,705845.784,,
19857,CR10X,6,11P07,Barksdale 422-H2-06-A,,11H03,78.87,R16C19.25,6744120.555,602151.619,2332.95,,,2011,189,2148,2013,188,1426,0.51885,,137895.1458,708000.216,,
19857,CR10X,1,,,,,,,,,,,,,,,,,,,,,0,,
19857,CR10X,2,12P20,,,12H04,79.04,R17C19.25,6744166.313,602150.396,2332.97,6744166.53,602148.23,2012,196,2118,2013,188,1420,-0.15079,,137895.1458,709526.272,,
19857,CR10X,3,,,,,,,,,,,,,,,,,,,,,0,,
19857,CR10X,4,12P26,,,12H05,74.76,R17.25C19,6744175.714,602130.334,2333.977,6744175.28,602127.94,2012,199,1745,2013,188,1420,-0.18907,,137895.1458,671105.568,,
19857,CR10X,5,,,,,,,,,,,,,,,,,,,,,0,,
19857,CR10X,6,,,,,,,,,,,,,,,,,,,,,0,,
19857,CR10X,1,13P64,,yes,13H01,73.6,R14.75C19.5,6744028.78,602221.454,2306.818,6744027.1,602220.46,2013,189,1444,2013,192,1606,0.5512,,137895.1458,660692.48,,
19857,CR10X,2,13P15,Honeywell 19C200PG5K,yes,13H07,90.2,R14.75C18.75,6744012.078,602177.331,2307.816,6744009.79,602176.9,2013,189,1648,2015,178,0,-0.008,,137895.1458,809707.36,,
19857,CR10X,3,13P05,Honeywell 19C200PG5K,yes,13H08,93.9,R14.75C18.5,6744006.13,602163.273,2309.401,6744004.02,602162.38,2013,189,1659,,,,-0.0891,,137895.1458,842921.52,,
19857,CR10X,4,13P27,,yes,13H05,78,R14.75C19.25,6744023.683,602206.779,2305.795,6744021.33,602205.94,2013,189,1550,2013,194,2110,-0.06831,,137895.1458,700190.4,,
19857,CR10X,5,13P09,Barksdale 422-H2-06,yes,13H06,92,R14.75C19,6744018.84,602191.383,2306.306,6744015.56,602191.42,2013,190,1728,2015,178,0,-0.1068,,137895.1458,825865.6,,
19857,CR10X,6,13P24,Honeywell 19C200PG5K,yes,13H19,98,R13.75C18.5,6743944.945,602191.21,,6743945.94,602185.46,2013,194,2208,2015,178,0,-0.22871,-0.1641,137895.1458,879726.4,,
19857,CR10X,1,13P34,Barksdale 422-H2-06,yes,13H15,90.2,R14.25C19,6743983.815,602201.427,2303.994,6743986.52,602202.96,2013,193,2106,2015,178,0,-0.0231,0.00871,137895.1458,809707.36,,
19857,CR10X,2,,,,,,,,,,,,,,,,,,,,,0,,
19857,CR10X,3,,,,,,,,,,,,,,,,,,,,,0,,
19857,CR10X,4,13P37,Barksdale 422-H2-06,yes,13H18,79.45,R13.75C19,6743956.744,602217.976,,6743957.48,602214.5,2013,194,2132,,,,-0.07124,0.10317,137895.1458,713206.76,,
19857,CR10X,5,,,,,,,,,,,,,,,,,,,,,0,,
19857,CR10X,6,,,,,,,,,,,,,,,,,,,,,0,,
19857,CR10X,1,15P16,Honeywell 19C200PG5K,yes,15HL04,88,R15.25C17.75,,,,,,2015,178,1850,,,,0.5512,,137895.1458,,5.7258,0
19857,CR10X,2,,,,,,,,,,,,,,,,,,,,,,,
19857,CR10X,3,,,,,,,,,,,,,,,,,,,,,,,
19857,CR10X,4,,,,,,,,,,,,,,,,,,,,,,,
19857,CR10X,5,,,,,,,,,,,,,,,,,,,,,,,
19857,CR10X,6,15P08,Honeywell 19C200PG5K,yes,15HL19,66,R15.25C16.5,,,,,,2015,191,1638,,,,,0.5512,137895.1458,,4.4842,0
46871,CR1000,1,14P51,Honeywell 19C200PG5K,yes,14H53,82.7,R21.5C21.5,6744455.296,602187.8,2385.831,6744450.319,602185.342,2014,208,1323,,,,0.0383,0.01937,137895.1458,,,
46871,CR1000,2,14P08,Barksdale 422-H2-06-A(refurbished),yes,14H55,90.36,R21.5C22.25,6744466.983,602229.401,2386.73,6744467,602229,2014,209,1121,,,,0.68366,0.70895,137895.1458,,,
46871,CR1000,3,14P45,Barksdale 422-H2-06,yes,14H56,80.2,R21.5C21.25,6744450.666,602172.845,2386.216,6744444.548,602170.822,2014,209,1138,,,,0.07104,0.03809,137895.1458,,,
46871,CR1000,4,14P31,Barksdale 422-H2-06,no,14H59,85.5,R22.25C21.75,6744499.657,602183.089,2391.35,6744500,602183,2014,210,1900,,,,0.11791,0.1109,137895.1458,,,
46871,CR1000,5,14P52,Honeywell 19C200PG5K,,14H58,90.7,R22.25C22.25,6744505.938,602198.12,2391.802,6744511.192,602211.592,2014,210,1918,,,,-0.10905,-0.1022,137895.1458,,,
46871,CR1000,6,14P16,Barksdale 422-H2-06-A(refurbished),yes,14H57,92.59,R22.25C22.25,6744510.024,602211.806,2392.29,6744510,602212,2014,210,1953,,,,0.62011,0.63523,137895.1458,,,
46871,CR1000,7,14P64,Honeywell 19C200PG5K,yes,14H60,92.5,R22C22.25,6744500.857,602218.306,2391.097,6744501,602218,2014,214,2016,,,,-0.36505,-0.3762,137895.1458,,,
46871,CR1000,8,,,,,,,,,,,,,,,,,,,,,,,
46871,CR1000,1,,,,,,,,,,,,,,,,,,,,,,,
46871,CR1000,2,,,,,,,,,,,,,,,,,,,,,,,
46871,CR1000,3,,,,,,,,,,,,,,,,,,,,,,,
46871,CR1000,4,,,,,,,,,,,,,,,,,,,,,,,
46871,CR1000,5,,,,,,,,,,,,,,,,,,,,,,,
46871,CR1000,6,,,,,,,,,,,,,,,,,,,,,,,
46871,CR1000,7,,,,,,,,,,,,,,,,,,,,,,,
46871,CR1000,8,15P85,Honeywell 19C200PG5K,,15HU03,92.71,R22C22.25,,,,,,2015,174,1946,,,,,0.5512,137895.1458,,5.88442,0
55425,CR1000,1,14P43,Barksdale 422-H2-06,yes,14H46,62.85,R19C16.5,6744180.961,601951.073,2372.327,6744189.703,601952.641,2014,204,1118,,,,0.24772,0.23649,137895.1458,,,
55425,CR1000,2,14P32,Barksdale 422-H2-06,yes,14H45,63.22,R19C16.25,6744178.013,601935.863,2372.494,6744183.932,601938.121,2014,204,1126,,,,0.23576,0.23516,137895.1458,,,
55425,CR1000,3,14P78,Honeywell 19C200PG5K,yes,14H44,61.93,R19C16,6744174.142,601920.728,2372.648,6744174,601921,2014,204,1134,,,,0.19019,0.19104,137895.1458,,,
55425,CR1000,4,14P36,Barksdale 422-H2-06,yes,14H42,61.86,R19C15.5,6744164.609,601891.159,2372.96,6744165,601891,2014,204,1144,,,,0.14006,0.13161,137895.1458,,,
55425,CR1000,5,14P40,Barksdale 422-H2-06,,14H43,61.13,R19C15.75,6744167.603,601905.691,2372.383,6744172.391,601909.08,2014,204,1652,,,,-0.0271,-0.0087,137895.1458,,,
55425,CR1000,6,,,,,,,,,,,,,,,,,,,,,,,
55425,CR1000,7,,,,,,,,,,,,,,,,,,,,,,,
55425,CR1000,8,,,,,,,,,,,,,,,,,,,,,,,
55426,CR1000,1,13P41,Barksdale 422-H2-06,no,13H57,97.1,R22C22.5,6744517.44,602227.36,,,,2013,209,2258,2014,206,1700,-0.09438,-0.01669,137895.1458,871647.28,,
55426,CR1000,2,13P20,Barksdale 422-H2-06,yes,13H58,93.11,R22C22.25,6744511.67,602212.84,,,,2013,209,2147,2014,365,2359,0.07581,0.00665,137895.1458,835829.848,,
55426,CR1000,3,13P31,Barksdale 422-H2-06,no,13H58,93.11,R22C22.25,6744511.67,602212.84,,,,2013,209,2148,2014,210,1700,0.25708,0.01534,137895.1458,835829.848,,
55426,CR1000,4,13P45,Barksdale 422-H2-06,no,13H60,85.8,R22C21.75,6744500.13,602183.8,,,,2013,209,2210,,,,-0.08657,-0.14496,137895.1458,770209.44,,
55426,CR1000,5,13P50,,no,13H59,86.36,R22C22.25,6744505.9,602198.32,,,,2013,209,2253,,,,0,0,137895.1458,775236.448,,
55426,CR1000,6,13P23,,no,13H61,67.38,R21.5C21,6744453.77,602151.78,,,,2013,209,2309,,,,0,0,137895.1458,604856.784,,
55426,CR1000,7,,,,,,,,,,,,,,,,,,,,,0,,
55426,CR1000,8,,,,,,,,,,,,,,,,,,,,,0,,
55426,CR1000,1,14P18,Barksdale 422-H2-06-A(refurbished),yes,14H52,80.84,R21.5C21.75,6744458.645,602201.274,2385.697,6744459,602201,2014,206,1750,,,,0.74824,0.75093,137895.1458,,,
55426,CR1000,2,,,,,,,,,,,,,,,,,,,,,,,
55426,CR1000,3,14P61,Honeywell 19C200PG5K,no,14H61,78.7,R21.5C21,6744442.902,602144.085,2388.293,6744438.778,602156.302,2014,214,1226,,,,-0.1922,-0.20889,137895.1458,,,
55426,CR1000,4,,,,,,,,,,,,,,,,,,,,,,,
55426,CR1000,5,,,,,,,,,,,,,,,,,,,,,,,
55426,CR1000,6,,,,,,,,,,,,,,,,,,,,,,,
55426,CR1000,7,14P60,Honeywell 19C200PG5K,yes,14H48,80.53,R20.75C21.5,6744409.946,602203.813,2380.44,6744410,602204,2014,206,1628,,,,-0.09384,-0.1223,137895.1458,,,
55426,CR1000,8,14P73,Honeywell 19C200PG5K,yes,14H49,83.3,R20.75C21.25,6744404.765,602189.976,2380.505,6744405,602190,2014,206,1704,,,,0.19968,0.17038,137895.1458,,,
55426,CR1000,1,,,,,,,,,,,,,,,,,,,,,,,
55426,CR1000,2,15P76,Honeywell 19C200PG5K,yes,15HU02,93.8,R22C22,,,,,,2015,174,1904,,,,,0.5512,137895.1458,,5.972,0
55426,CR1000,3,,,,,,,,,,,,,,,,,,,,,,,
55426,CR1000,4,,,,,,,,,,,,,,,,,,,,,,,
55426,CR1000,5,,,,,,,,,,,,,,,,,,,,,,,
55426,CR1000,6,,,,,,,,,,,,,,,,,,,,,,,
55426,CR1000,7,,,,,,,,,,,,,,,,,,,,,,,
55426,CR1000,8,,,,,,,,,,,,,,,,,,,,,,,
55427,CR1000,1,13P25,Barksdale 422-H2-06,yes,13H47,81.35,R20.5C20.5,6744396.061,602146.558,2383.606,,,2013,207,1721,2014,206,1500,-0.34915,-0.08409,137895.1458,730262.68,,
55427,CR1000,2,13P01,Honeywell 19C200PG5K,yes,13H49,81,R20.5C21,6744397.657,602175.683,2380.185,,,2013,207,1745,2015,180,1200,-0.1967,-0.02363,137895.1458,727120.8,,
55427,CR1000,3,13P07,,yes,13H51,82.3,R20.5C21.5,6744408.782,602204.296,2379.628,,,2013,208,1139,2015,180,1200,0,0,137895.1458,738790.64,,
55427,CR1000,4,,,,,,,,,,,,,,,,,,,,,0,,
55427,CR1000,5,13P33,Barksdale 422-H2-06,yes,13H53,88.28,R20.5C22,6744418.447,602231.27,2380.678,,,2013,209,906,,,,-0.24971,-0.06823,137895.1458,792471.904,,
55427,CR1000,6,13P49,,yes,13H55,89.55,R20.5C22.5,6744429.93,602258.684,2382.096,,,2013,209,923,2015,180,1200,0,0,137895.1458,803872.44,,
55427,CR1000,7,13P28,Honeywell 19C200PG5K,yes,13H56,84.3,R20.5C22.75,6744435.021,602271.37,,,,2013,209,2037,,,,-0.18226,-0.1863,137895.1458,756744.24,,
55427,CR1000,8,,,,,,,,,,,,,,,,,,,,,0,,
55427,CR1000,1,14P69,Barksdale 422-H2-06,yes,14H51,81.63,R20.75C21,6744399.553,602175.326,2381.383,6744400,602175,2014,206,1546,,,,0.22817,0.22514,137895.1458,,,
55427,CR1000,2,,,,,,,,,,,,,,,,,,,,,,,
55427,CR1000,3,,,,,,,,,,,,,,,,,,,,,,,
55427,CR1000,4,14P47,Barksdale 422-H2-06,yes,14H50,81.4,R20.75C21.375,6744407.472,602196.763,2380.424,6744407,602197,2014,206,1510,2015,180,1200,0.05946,0.09622,137895.1458,,,
55427,CR1000,5,,,,,,,,,,,,,,,,,,,,,,,
55427,CR1000,6,,,,,,,,,,,,,,,,,,,,,,,
55427,CR1000,7,,,,,,,,,,,,,,,,,,,,,,,
55427,CR1000,8,14P46,Barksdale 422-H2-06,yes,14H47,81.04,R20.75C21.75,6744415.508,602217.402,2380.651,6744415,602217,2014,206,1440,2015,180,1200,0.30393,0.33743,137895.1458,,,
55427,CR1000,1,,,,,,,,,,,,,,,,,,,,,,,
55427,CR1000,2,15P61,Honeywell 19C200PG5K,yes,15HU19,89.2,R21C21.75,,,,,,2015,180,1238,,,,,0.5512,137895.1458,,6.1833,0
55427,CR1000,3,15PX2,Honeywell 19C200PG5K,yes,15HU20,92.06,R21C22,,,,,,2015,180,1616,,,,,0.5512,137895.1458,,6.04128,0
55427,CR1000,4,15P01,Honeywell 19C200PG5K,yes,15HU22,88,R21C22.5,,,,,,2015,180,2004,,,,,0.5512,137895.1458,,5.90546,0.06045
55427,CR1000,5,,,,,,,,,,,,,,,,,,,,,,,
55427,CR1000,6,15P81,Honeywell 19C200PG5K,yes,15HU21,87.57,R21C22.25,,,,,,2015,181,1401,,,,,0.5512,137895.1458,,5.91107,0.00574
55427,CR1000,7,,,,,,,,,,,,,,,,,,,,,,,
55427,CR1000,8,15P68,Honeywell 19C200PG5K,no,15HU23,84.1,R21C23,,,,,,2015,181,1405,,,,,0.5512,137895.1458,,5.6526,0.015
55428,CR1000,1,13P19,Honeywell 19C200PG5K,yes,13H39,76,R14.75C21.75,6744078.941,602355.519,2318.517,,,2013,200,1300,2015,192,1820,-0.1593,-0.20697,137895.1458,682236.8,,
55428,CR1000,2,13P16,Barksdale 422-H2-06,yes,13H40,76.7,R14.75C22,6744084.011,602368.588,2318.786,,,2013,200,1409,2015,181,0,-0.13636,-0.06021,137895.1458,688520.56,,
55428,CR1000,3,13P06,Honeywell 19C200PG5K,yes,13H42,69.03,R14.75C22.5,6744096.082,602396.915,2319.89,,,2013,200,1749,,,,-0.06818,-0.09982,137895.1458,619668.504,,
55428,CR1000,4,13P60,Barksdale 422-H2-06,yes,13H41,73.2,R14.75C22.25,6744089.158,602383.041,2319.236,,,2013,200,1740,,,,-0.06342,-0.065,137895.1458,657101.76,,
55428,CR1000,5,13P66,Barksdale 422-H2-06,yes,13H43,63.4,R14.75C22.75,6744100.547,602412.216,2320.316,,,2013,207,1623,,,,-0.05064,-0.07571,137895.1458,569129.12,,
55428,CR1000,6,13P58,Barksdale 422-H2-06,no,13H44,61.4,R14.75C23.25,6744111.158,602439.75,2321.525,,,2013,207,1607,2015,194,0,-0.12676,-0.09639,137895.1458,551175.52,,
55428,CR1000,7,13P63,Barksdale 422-H2-06,no,13H45,58.9,R14.75C23.75,6744121.367,602470.228,2321.919,,,2013,207,1549,,,,-0.04038,-0.05838,137895.1458,528733.52,,
55428,CR1000,8,13P03,Honeywell 19C200PG5K,no,13H46,57.4,R14.75C24.25,6744133.954,602503.357,2322.386,,,2013,207,1528,,,,-0.11753,-0.11798,137895.1458,515268.32,,
55428,CR1000,1,15P32,Honeywell 19C200PG5K,no,15HL21,71,R15.25C22,,,,,,2015,192,1825,,,,,0.5512,137895.1458,,4.9543,0
55428,CR1000,2,15P12,Honeywell 19C200PG5K,no,15HL22,67,R15.25C22.25,,,,,,2015,192,1922,,,,,0.5512,137895.1458,,4.1109,0
55428,CR1000,3,,,,,,,,,,,,,,,,,,,,,,,
55428,CR1000,4,,,,,,,,,,,,,,,,,,,,,,,
55428,CR1000,5,,,,,,,,,,,,,,,,,,,,,,,
55428,CR1000,6,15P54,Honeywell 19C200PG5K,no,15HL23,74,R15.25C21.75,,,,,,2015,194,1625,,,,,0.5512,137895.1458,,4.86524,0
55428,CR1000,7,,,,,,,,,,,,,,,,,,,,,,,
55428,CR1000,8,,,,,,,,,,,,,,,,,,,,,,,
55429,CR1000,1,13P02,Barksdale 422-H2-06-A(refurbished),yes,13H31,78.5,R13.75C16.5,6743904.315,602071.112,2280.915,6743899.77,602069.3,2013,198,1344,2015,179,0,0.19143,0.26932,137895.1458,704678.8,,
55429,CR1000,2,13P17,Honeywell 19C200PG5K,yes,13H33,89.1,R12.75C16.5,6743845.151,602090.791,2280.472,6743841.69,602092.38,2013,198,1923,,,,-0.14,-0.0951,137895.1458,799832.88,,
55429,CR1000,3,13P14,Barksdale 422-H2-06,yes,13H32,87,R13.25C16.5,6743877.137,602080.382,,6743870.73,602080.84,2013,198,2012,2015,179,0,-0.17188,-0.1178,137895.1458,780981.6,,
55429,CR1000,4,13P38,Honeywell 19C200PG5K,yes,13H35,,R12.75C15.5,6743825.254,602033.781,2272.371,6743818.61,602034.3,2013,199,1126,,,,-0.30326,-0.12386,137895.1458,0,,
55429,CR1000,5,13P26,Barksdale 422-H2-06,yes,13H34,97.3,R12.75C16,6743842.676,602059.423,2271.307,6743830.15,602063.34,2013,199,1202,2015,179,0,-0.10564,-0.03453,137895.1458,873442.64,,
55429,CR1000,6,13P59,Barksdale 422-H2-06,yes,13H36,85.54,R12.75C15,6743805.621,602004.282,2277.851,,,2013,199,1452,2015,179,0,-0.17743,0.01311,137895.1458,767875.472,,
55429,CR1000,7,,,,,,,,,,,,,,,,,,,,,0,,
55429,CR1000,8,,,,,,,,,,,,,,,,,,,,,0,,
55429,CR1000,1,,,,,,,,,,,,,,,,,,,,,,,
55429,CR1000,2,,,,,,,,,,,,,,,,,,,,,,,
55429,CR1000,3,,,,,,,,,,,,,,,,,,,,,,,
55429,CR1000,4,,,,,,,,,,,,,,,,,,,,,,,
55429,CR1000,5,,,,,,,,,,,,,,,,,,,,,,,
55429,CR1000,6,,,,,,,,,,,,,,,,,,,,,,,
55429,CR1000,7,14P70,Honeywell 19C200PG5K,yes,14H32,59.1,R15C15,6743926.348,601957.916,2303.3,6743926,601958,2014,200,1243,,,,0.9832,0.0902,137895.1458,,,
55429,CR1000,8,14P14,Barksdale 422-H2-06-A(refurbished),yes,14H33,58.2,R15C14.5,6743915.838,601931.208,2304.692,6743911.213,601928.808,2014,200,1255,,,,0.68921,0.69022,137895.1458,,,
55429,CR1000,1,15P62,Honeywell 19C200PG5K,yes,15HL09,60,R14.25C16.25,,,,,,2015,179,2052,,,,,0.5512,137895.1458,,4.8603,0
55429,CR1000,2,,,,,,,,,,,,,,,,,,,,,,,
55429,CR1000,3,15P74,Honeywell 19C200PG5K,no,15HL10,77,R14.25C16.5,,,,,,2015,180,1550,,,,,0.5512,137895.1458,,5.139,0.00328
55429,CR1000,4,,,,,,,,,,,,,,,,,,,,,,,
55429,CR1000,5,15P14,Honeywell 19C200PG5K,no,15HL11,74,R14.25C16,,,,,,2015,180,1806,,,,,0.5512,137895.1458,,4.90891,0.04372
55429,CR1000,6,15P10,Honeywell 19C200PG5K,yes,15HL12,83.02,R14.25C16.75,,,,,,2015,181,1352,,,,,0.5512,137895.1458,,5.82349,0.01021
55429,CR1000,7,,,,,,,,,,,,,,,,,,,,,,,
55429,CR1000,8,,,,,,,,,,,,,,,,,,,,,,,
55430,CR1000,1,13P53,Honeywell 19C200PG5K,yes,13H25,95.75,R12.75C18.5,6743885.077,602207.202,2293.446,6743887.85,602208.54,2013,196,2131,,,,-0.5663,-0.0308,137895.1458,859528.6,,
55430,CR1000,2,13P13,Honeywell 19C200PG5K,yes,13H23,95.35,R13.25C18,6743905.384,602169.59,2294.697,6743905.35,602167.96,2013,196,2114,,,,-0.01622,-0.01942,137895.1458,855937.88,,
55430,CR1000,3,13P30,Barksdale 422-H2-06,yes,13H26,88.6,R12.75C18,6743872.676,602178.647,2290.691,6743876.31,602179.5,2013,197,1345,,,,-0.05763,-0.0074,137895.1458,795344.48,,
55430,CR1000,4,13P42,Barksdale 422-H2-06,yes,13H27,101.92,R12.75C17.5,6743863.355,602149.808,2288.187,6743864.77,602150.46,2013,197,1609,,,,-0.05498,-0.05351,137895.1458,914915.456,,
55430,CR1000,5,13P22,Honeywell 19C200PG5K,yes,13H28,99,R12.75C17,6743855.279,602120.047,2285.5,6743853.23,602121.42,2013,197,1716,,,,-0.18226,-0.1863,137895.1458,888703.2,,
55430,CR1000,6,13P56,Barksdale 422-H2-06,yes,13H29,98,R13.25C17,6743882.341,602110.385,,6743882.27,602109.88,2013,197,1819,,,,-0.12784,-0.0823,137895.1458,879726.4,,
55430,CR1000,7,13P40,Honeywell 19C200PG5K,yes,13H30,98,R13.75C17,6743913.436,602101.676,2287.207,6743911.31,602098.34,2013,197,2129,,,,-0.27387,-0.1272,137895.1458,879726.4,,
55430,CR1000,8,,,,,,,,,,,,,,,,,,,,,,,
62565,CR1000,1,14P41,Honeywell SPTMV1000PA5W02,no,14H64,78,R21.5C19.5,6744411.542,602061.088,2398.02,6744404.154,602069.18,2014,214,1254,,,,0.02312,0.02873,689475.73,,,
62565,CR1000,2,14P07,Barksdale 422-H2-06-A(refurbished),no,14H62,81.73,R21.5C20.5,6744433.629,602115.806,2391.979,6744427.236,602127.261,2014,214,1344,,,,0.64428,0.63564,137895.1458,,,
62565,CR1000,3,14P20,Barksdale 422-H2-06,no,14H63,80.7,R21.5C20,6744423.681,602088.207,2395.61,6744415.695,602098.22,2014,214,1913,,,,0.06901,0.05147,137895.1458,,,
62565,CR1000,4,15P63,Honeywell 19C200PG5K,yes,15HU09,83.6,R22C20.25,,,,,,2015,177,1903,,,,,0.5512,137895.1458,,4.774,0
62565,CR1000,5,15P31,Honeywell 19C200PG5K,yes,15HU11,80.4,R22C19.75,,,,,,2015,177,1907,,,,,0.5512,137895.1458,,4.363,0
62565,CR1000,6,15P80,Honeywell 19C200PG5K,no,15HU12,80.8,R21C20,,,,,,2015,178,1529,,,,,0.5512,137895.1458,,4.987,0
62565,CR1000,7,15P20,Honeywell 19C200PG5K,yes,15HU14,81.6,R21C20.5,,,,,,2015,178,1808,,,,,0.5512,137895.1458,,4.5968,0
62565,CR1000,8,15P50,Honeywell 19C200PG5K,yes,15HU16,81.55,R21C21,,,,,,2015,178,1632,,,,,0.5512,137895.1458,,5.5974,0
62566,CR1000,1,14P22,Barksdale 422-H2-06-A(refurbished),yes,14H01,70.7,R21C14,6744248.505,601760.023,2391.839,6744248,601760,2014,190,1502,,,,0.67245,0.67892,137895.1458,,,
62566,CR1000,2,14P76,Honeywell 19C200PG5K,yes,14H02,72.75,R21C14.25,6744254.139,601775.251,2392.337,6744254,601775,2014,190,1513,,,,0.22619,0.22517,137895.1458,,,
62566,CR1000,3,14P48,Honeywell 19C200PG5K,yes,14H03,72.33,R21C14.75,6744264.684,601804.057,2394.254,6744265,601804,2014,190,1523,,,,,,,,,
62566,CR1000,4,14P74,Honeywell 19C200PG5K,yes,14H04,68.3,R21C13.75,6744243.721,601747.871,2391.561,6744244,601748,2014,195,1825,,,,0.226,0.22912,137895.1458,,,
62566,CR1000,5,14P62,Honeywell 19C200PG5K,yes,14H05,69.9,R21C13.5,6744237.635,601729.463,2391.712,6744236.619,601732.232,2014,192,2050,,,,-0.09116,-0.1035,137895.1458,,,
62566,CR1000,6,14P65,Honeywell 19C200PG5K,yes,14H06,68.8,R21C13,6744227.926,601701.012,2392.399,6744228,601701,2014,193,1403,,,,0.14504,0.1476,137895.1458,,,
62566,CR1000,7,14P21,Honeywell 19C200PG5K,yes,14H15,70.75,R21C15.25,6744274.631,601832.456,2396.712,6744275,601832,2014,194,2004,,,,0.03734,-0.0314,137895.1458,,,
62566,CR1000,8,14P79,Honeywell 19C200PG5K,yes,14H16,72.4,R21.75C15.5,6744327.984,601828.064,2404.423,6744328,601828,2014,196,1828,,,,0.24435,0.22984,137895.1458,,,
69928,CR1000MUX,1,15P60,Honeywell 19C200PG5K,yes,15HU01,88.4,R22C21.75,,,,,,2015,175,2000,,,,,0.5512,137895.1458,,5.295,0.00965
69928,CR1000MUX,2,15P72,Honeywell 19C200PG5K,yes,15HU05,83.45,R22C21.25,,,,,,2015,175,2046,,,,,0.5512,137895.1458,,4.8639,0
69928,CR1000MUX,3,15P82,Honeywell 19C200PG5K,yes,15HU06,79.4,R22C21,,,,,,2015,175,2101,,,,,0.5512,137895.1458,,4.676,0.011
69928,CR1000MUX,4,15P83,Honeywell 19C200PG5K,yes,15HU04,83.8,R22C21.5,,,,,,2015,175,2117,,,,,0.5512,137895.1458,,5.128,0.007
69928,CR1000MUX,5,15P23,Honeywell 19C200PG5K,yes,15HU07,84.2,R22C20.75,,,,,,2015,176,1800,,,,,0.5512,137895.1458,,4.38618,0
69928,CR1000MUX,6,15P69,Honeywell 19C200PG5K,yes,15HU08,80.55,R22C20.5,,,,,,2015,176,1800,,,,,0.5512,137895.1458,,4.84546,0
69928,CR1000MUX,7,15P05,Honeywell 19C200PG5K,yes,15HU10,87.6,R22C20,,,,,,2015,176,1943,,,,,0.5512,137895.1458,,4.709,0
69928,CR1000MUX,8,15P11,Honeywell 19C200PG5K,yes,15HU13,81.8,R21C20.25,,,,,,2015,178,1822,2015,185,0,,0.5512,137895.1458,,4.5968,0
69928,CR1000MUX,9,15P49,Honeywell 19C200PG5K,yes,15HU15,82.7,R21C20.75,,,,,,2015,179,1541,,,,,0.5512,137895.1458,,4.0571,0
69928,CR1000MUX,10,15P15,Honeywell 19C200PG5K,yes,15HU17,82.92,R21C21.25,,,,,,2015,179,1820,,,,,0.5512,137895.1458,,4.6413,0
69928,CR1000MUX,11,15P71,Honeywell 19C200PG5K,yes,15HU18,85.74,R21C21.5,,,,,,2015,180,1511,,,,,0.5512,137895.1458,,4.33781,0
69928,CR1000MUX,12,15P03,Honeywell 19C200PG5K,yes,15HU24,89.4,R22C22.75,,,,,,2015,181,1621,,,,,0.5512,137895.1458,,4.31752,0
69928,CR1000MUX,13,15P02,Honeywell 19C200PG5K,no,15HU25,91,R22C22.5,,,,,,2015,182,1251,,,,,0.5512,137895.1458,,6.27072,0
69928,CR1000MUX,14,15P33,Honeywell 19C200PG5K,yes,15HU28,91.25,R23C22.75,,,,,,2015,185,1712,,,,,0.5512,137895.1458,,5.8934,0
69928,CR1000MUX,15,15P48,Honeywell 19C200PG5K,yes,15HU30,95.2,R23C22.25,,,,,,2015,185,1936,,,,,0.5512,137895.1458,,5.9272,0
69928,CR1000MUX,16,15P28,Honeywell 19C200PG5K,no,15HU34,80.1,R23C21.25,,,,,,2015,187,1646,,,,,0.5512,137895.1458,,5.6479,0
69928,CR1000MUX,17,15P46,Honeywell 19C200PG5K,no,15HU36,79.1,R23C20.75,,,,,,2015,187,1936,,,,,0.5512,137895.1458,,5.5349,0
69928,CR1000MUX,18,15P39,Honeywell 19C200PG5K,yes,15HU38,79.7,R23C20.25,,,,,,2015,188,1453,,,,,0.5512,137895.1458,,5.4246,0
69928,CR1000MUX,19,15P29,Honeywell 19C200PG5K,no,15HU32,85.7,R23C21.75,,,,,,2015,188,2045,,,,,0.5512,137895.1458,,5.5899,0
69928,CR1000MUX,20,15P44,Honeywell 19C200PG5K,yes,15HU40,82.6,R23C19.75,,,,,,2015,190,1804,,,,,0.5512,137895.1458,,4.5026,0
69928,CR1000MUX,21,15P47,Honeywell 19C200PG5K,yes,15HU42,85.7,R23C19.25,,,,,,2015,190,2007,,,,,0.5512,137895.1458,,4.3706,0
69928,CR1000MUX,22,15P51,Honeywell 19C200PG5K,yes,15HU44,79.9,R24C19.25,,,,,,2015,191,1851,,,,,0.5512,137895.1458,,3.3173,0
69928,CR1000MUX,23,15P37,Honeywell 19C200PG5K,yes,15HU46,77.4,R24C19.75,,,,,,2015,192,1819,,,,,0.5512,137895.1458,,3.145,0
69928,CR1000MUX,8,15P78,Honeywell 19C200PG5K,yes,15HU49,93.3,R24C22.75,,,,,,2015,198,1624,,,,,0.5512,137895.1458,,4.9225,0
69929,CR1000MUX,1,15P13,Honeywell 19C200PG5K,yes,15HU26,89.6,R22C23,,,,,,2015,185,1345,,,,,0.5512,137895.1458,,3.3726,0
69929,CR1000MUX,2,15P06,Honeywell 19C200PG5K,yes,15HU27,90.2,R23C23,,,,,,2015,185,1606,,,,,0.5512,137895.1458,,5.2541,0
69929,CR1000MUX,3,15P07,Honeywell 19C200PG5K,yes,15HU29,90.6,R23C22.5,,,,,,2015,185,1841,,,,,0.5512,137895.1458,,6.1244,0
69929,CR1000MUX,4,15P27,Honeywell 19C200PG5K,yes,15HU31,91.8,R23C22,,,,,,2015,187,1354,,,,,0.5512,137895.1458,,6.19951,0
69929,CR1000MUX,5,15P58,Honeywell 19C200PG5K,yes,15HU33,82.5,R23C21.5,,,,,,2015,188,1500,,,,,0.5512,137895.1458,,5.6741,0
69929,CR1000MUX,6,15P67,Honeywell 19C200PG5K,yes,15HU37,78.3,R23C20.5,,,,,,2015,187,2012,,,,,0.5512,137895.1458,,5.3473,0
69929,CR1000MUX,7,15P25,Honeywell 19C200PG5K,no,15HU39,87,R23C20,,,,,,2015,188,1642,,,,,0.5512,137895.1458,,5.0944,0
69929,CR1000MUX,8,15P73,Honeywell 19C200PG5K,no,15HU35,84,R23C21,,,,,,2015,188,1930,,,,,0.5512,137895.1458,,4.9713,0
69929,CR1000MUX,9,15PX1,Honeywell 19C200PG5K,yes,15HU41,83.6,R23C19.5,,,,,,2015,190,1643,,,,,0.5512,137895.1458,,4.5026,0
69929,CR1000MUX,10,15P35,Honeywell 19C200PG5K,yes,15HU43,79.3,R24C19,,,,,,2015,191,1732,,,,,0.5512,137895.1458,,3.2541,0
69929,CR1000MUX,11,15P36,Honeywell 19C200PG5K,yes,15HU45,78.4,R24C19.5,,,,,,2015,192,1840,,,,,0.5512,137895.1458,,3.0744,0
69929,CR1000MUX,12,15P55,Honeywell 19C200PG5K,yes,15HU47,77.4,R24C20,,,,,,2015,192,1852,,,,,0.5512,137895.1458,,3.056,0
69929,CR1000MUX,13,15P30,Honeywell 19C200PG5K,yes,15HU48,91.4,R24C22.25,,,,,,2015,197,2104,,,,,0.5512,137895.1458,,4.2134,0
69929,CR1000MUX,14,15P43,Honeywell 19C200PG5K,yes,15HU50,93.9,R24C22.5,,,,,,2015,198,1809,,,,,0.5512,137895.1458,,4.92313,0
69929,CR1000MUX,15,15P40,Honeywell 19C200PG5K,yes,15HU51,95.5,R24C22.25,,,,,,2015,199,1706,,,,,0.5512,137895.1458,,5.5871,0
69929,CR1000MUX,16,15P65,Honeywell 19C200PG5K,yes,15HU52,94.6,R24C22,,,,,,2015,199,1904,,,,,0.5512,137895.1458,,5.0594,0
69929,CR1000MUX,17,15P41,Honeywell 19C200PG5K,yes,15HU53,91.7,R24C23,,,,,,2015,199,2016,,,,,0.5512,137895.1458,,5.7113,0
69929,CR1000MUX,18,15P64,Honeywell 19C200PG5K,yes,15HU54,80.2,R22C23.5,,,,,,2015,202,1942,,,,,0.5512,137895.1458,,5.1587,0
69929,CR1000MUX,19,,,,,,,,,,,,,,,,,,,,,,,
69929,CR1000MUX,20,,,,,,,,,,,,,,,,,,,,,,,
69929,CR1000MUX,21,,,,,,,,,,,,,,,,,,,,,,,
69929,CR1000MUX,22,,,,,,,,,,,,,,,,,,,,,,,
69929,CR1000MUX,23,,,,,,,,,,,,,,,,,,,,,,,
69929,CR1000MUX,24,,,,,,,,,,,,,,,,,,,,,,,
ARDU02,DIGITAL,1,15D01,,no,15HU01,88.4,R22C21.75,,,,,,2015,176,1846,,,,,,,,,
ARDU02,DIGITAL,2,15D02,,yes,15HU60,76.5,R22.5C21,,,,,,2015,204,1958,,,,,,,,,
ARDU02,DIGITAL,3,15D03,,no,15HU50,93.9,R24C22.5,,,,,,2015,198,1813,,,,,,,,,
ARDU02,DIGITAL,4,15D04,,no,15HU04,83.8,R22C21.5,,,,,,2015,176,1856,,,,,,,,,
ARDU02,DIGITAL,5,15D05,,no,15HU17,82.92,R21C21.25,,,,,,2015,179,2028,,,,,,,,,
ARDU02,DIGITAL,6,15D06,,no,15HU05,83.45,R22C21.25,,,,,,2015,179,1320,,,,,,,,,
ARDU02,DIGITAL,7,,,,,,,,,,,,,,,,,,,,,,,
ARDU02,DIGITAL,8,,,,,,,,,,,,,,,,,,,,,,,
ARDU01,DIGITAL,1,,,,,,,,,,,,,,,,,,,,,,,
ARDU01,DIGITAL,2,14D02,,no,14H60,92.5,R22C22.25,6744500.857,602218.306,2391.097,6744501,602218,2014,214,2016,,,,,,,,,
ARDU01,DIGITAL,3,14L02,,no,14H60,92.5,R22C22.25,6744500.857,602218.306,2391.097,6744501,602218,2014,214,2016,,,,,,,,,
ARDU01,DIGITAL,4,14D01,,no,14H62,81.73,R21.5C20.5,6744433.629,602115.806,2391.979,6744427.236,602127.261,2014,214,1344,,,,,,,,,
ARDU01,DIGITAL,5,,,,,,,,,,,,,,,,,,,,,,,
ARDU01,DIGITAL,6,14C01,,no,14H60,92.5,R22C22.25,6744500.857,602218.306,2391.097,6744501,602218,2014,214,2016,,,,,,,,,
ARDU01,DIGITAL,7,,,,,,,,,,,,,,,,,,,,,,,
ARDU01,DIGITAL,8,,,,,,,,,,,,,,,,,,,,,,,
